body,url
–ö—É–¥—Ä–æ–≤–æ. –°–≤–µ–∂–∞—è –ø—Ä–æ—Å—Ä–æ—á–∫–∞. –í –ª–∏—á–∫—É.,https://sun9-56.userapi.com/n0Q9qobwzf21Fx9D4Pz6zBgK78ghcAQZEMGdbg/oD2cfuVbbPY.jpg
"–ó–∞–∫–∞–∑ –∏–∑ –ø–æ–ø—É–ª—è—Ä–Ω–æ–≥–æ –≥—Ä—É–∑–∏–Ω—Å–∫–æ–≥–æ —Ä–µ—Å—Ç–æ—Ä–∞–Ω–∞. –î–ª—è –ª—é–±–∏—Ç–µ–ª–µ–π –∫–∏–Ω–∑—ã –∏ –±–∞—Ä–∞–Ω–∏–Ω—ã. –î–æ–ª–º–∞, –æ–º–ª–µ—Ç –∫—é–∫—é –∏ –ø–∞—Ö–ª–∏ –∏–∑ —Ç—ã–∫–≤—ã.

–£–ª. –ö—Ä—ã–ª–µ–Ω–∫–æ",https://sun9-20.userapi.com/GfOGa_R21ngfsM5um_b42MzyHfv12gIVpN6bfg/VuucTIOPTOc.jpg
"–ë–æ–≥–∞—Ç—ã—Ä—Å–∫–∏–π –ø—Ä–æ—Å–ø–µ–∫—Ç, 2–∫–º –æ—Ç –º. –ë–µ–≥–æ–≤–∞—è.

2 –±—É—Ç—ã–ª–∫–∏ –ø—Ä–æ—Å—Ä–æ—á–µ–Ω–Ω–æ–≥–æ –º–æ–ª–æ–∫–∞ –ø–æ 500–º–ª –Ω–∞ –≤—ã–ø–µ—á–∫—É –∏ —Å–ø–∏—Å–∞–Ω–Ω—ã–µ —Ç–æ–º–∞—Ç—ã, —É–ø–∞–∫–æ–≤–∞–Ω—ã 13.06, –≤—ã–≥–ª—è–¥—è—Ç –Ω–æ—Ä–º–∞–ª—å–Ω–æ, –Ω–µ –≤—Å–∫—Ä—ã–≤–∞–ª–∏—Å—å.

–¢–æ–ª—å–∫–æ –≤ –ª—Å, –∑–∞ –∫–æ–º–º–µ–Ω—Ç–∞–º–∏ –Ω–µ —Å–ª–µ–∂—É.",https://sun9-51.userapi.com/XaVvNQhQfl7Ln_KQ_pRAYfDYoFBhvrrVBSYYKg/9dsQRweJbuI.jpg
"üìç–°–∞–º–æ–≤—ã–≤–æ–∑: –í–∞–¥–∏–º–∞ –®–µ—Ñ–Ω–µ—Ä–∞ 12/1. 
üôå–û—Ç–¥–∞–º –±–∞–Ω–æ—á–∫—É —Å –∫–æ–Ω–æ–ø–ª—è–Ω–æ–π –ø–∞—Å—Ç–æ–π. 
* –º–Ω–µ —Å–æ–≤—Å–µ–º –Ω–µ –ø–æ–Ω—Ä–∞–≤–∏–ª–∞—Å—å.
–ü–∏—à–∏—Ç–µ –≤ –ª—Å ü§òüèª",https://sun9-61.userapi.com/QexQZG5NrOM3C7dhGe22ZSF1B1vHMLP3sK1_3A/S51mv_cmYVc.jpg
–ù–µ –Ω–∞–¥–æ –º–Ω–µ —Å—Ç–æ–ª—å–∫–æ —Ö–ª–µ–±–∞. üòä –ü–æ–¥–µ–ª—é—Å—å –Ω–∞ –º. –ü–µ—Ç—Ä–æ–≥—Ä–∞–¥—Å–∫–∞—è.,https://sun9-61.userapi.com/QexQZG5NrOM3C7dhGe22ZSF1B1vHMLP3sK1_3A/S51mv_cmYVc.jpg
"–í—Å–µ–º –ø—Ä–∏–≤–µ—Ç)
–û—Ç–¥–∞–º —Å –∞–∫—Ç—É–∞–ª—å–Ω—ã–º —Å—Ä–æ–∫–æ–º –≥–æ–¥–Ω–æ—Å—Ç–∏: –Ω–æ–≤—É—é –ø–∞—á–∫—É –º–∞–∫–∞—Ä–æ–Ω –∏ —Ä–∞—Å—Ç–∏—Ç–µ–ª—å–Ω–æ–µ –º–∞—Å–ª–æ

‚ìÇ –ü—Ä–æ—Å–ø–µ–∫—Ç –ü—Ä–æ—Å–≤–µ—â–µ–Ω–∏—è",https://sun9-32.userapi.com/8TnZ0yogZCc-TmnHp_2G2sQtZ1BDWn6xEGUNFg/NxHvnWsVBDQ.jpg
"–ù–∞–∫–æ—Ä–º–ª—é –∂–µ–ª–∞—é—â–µ–≥–æ –æ—Å—Ç–∞–≤—à–∏–º—Å—è —à–∞—à–ª—ã–∫–æ–º(–ø–æ–ª–æ–∂—É –ø–µ—Ä–µ—Ü, —Ö–ª–µ–± –∏ —á–∞–π)",https://sun9-36.userapi.com/Y162FZeEzHEedbhTFMsyjdVC4ZroyxfVBdAnCQ/RwYvTpvT1To.jpg
"–û—Ç–¥–∞–º —Å–∞–ª–æ. –•—Ä–∞–Ω–∏–ª–æ—Å—å –≤ –º–æ—Ä–æ–∑–∏–ª–∫–µ —Å –æ—Å–µ–Ω–∏ –ø—Ä–æ—à–ª–æ–≥–æ –≥–æ–¥–∞. –º. –õ–æ–º–æ–Ω–æ—Å–æ–≤—Å–∫–∞—è, —É–≥–æ–ª –°–µ–¥–æ–≤–∞ –∏ –ò–≤–∞–Ω–æ–≤—Å–∫–æ–π.",https://sun9-12.userapi.com/hxbunjajCZ5_TkuA4F1VgyC2I7wSltcJERertQ/xRe1OH188SA.jpg
"–ú. –ù–æ–≤–æ—á–µ—Ä–∫–∞—Å—Å–∫–∞—è –ì—Ä–∞–Ω–∏—Ç–Ω–∞—è —É–ª–∏—Ü–∞. 
–°–ø–∞—Å–∏—Ç–µ –∫–∞–ø—É—Å—Ç–∞ 1/3 –∫–∞—á–∞–Ω–∞
–ó–∞–º–æ—Ä–æ–∂–µ–Ω–Ω–∞—è —Ç–µ—Ä—Ç–∞—è –º–æ—Ä–∫–æ–≤—å
–ö–æ—Ç–ª–µ—Ç—ã –∑–∞–º–æ—Ä–æ–∂–µ–Ω–Ω—ã–µ –∏–∑ –ï—Ä–º–æ–ª–∏–Ω–æ ""–ë–∞–±—É—à–∫–∏–Ω—ã"" 5—à—Ç—É–∫
–ö–∞—à–∫–∞ –æ–≤—Å—è–Ω–∞—è –±—ã—Å—Ç—Ä–æ—Ä–∞—Å—Ç–≤–æ—Ä–∏–º–∞—è —Å —á–µ—Ä–Ω–∏–∫–æ–π (—Å—Ä–æ–∫ –≤—ã—à–µ–ª –≤ –∫–æ–Ω—Ü–µ –º–∞—Ä—Ç–∞ 2020) 3—à—Ç.
–°–æ—É—Å –î–æ–ª–º–∏–æ –ø–æ–ª–æ–≤–∏–Ω–∞ –±–∞–Ω–æ—á–∫–∏, –æ—Ç–∫—Ä—ã–ª–∏ –≤—á–µ—Ä–∞. 
 –ß–∞–π –¥–µ—Ç—Å–∫–∏–π ""–°–∫–∞–∑–∫–∞ –Ω–∞ –Ω–æ—á—å"" 8–ø–∞–∫–µ—Ç–∏–∫–æ–≤.",https://sun9-11.userapi.com/c857032/v857032156/1be3af/_mLuxZDcQjQ.jpg
"–û–¢–î–ê–ù–û!!! –û—Ç–¥–∞–º –¥–∞—Ä–æ–º –∫–æ—Ñ–µ–≤–∞—Ä–∫—É + —Ñ–∏–ª—å—Ç—Ä—ã –∏ –ø–∏–∫–µ—Ç–∏—Ä–æ–≤–∞–Ω–Ω—ã–π —á–∞–π –∏–∑ –¢—É—Ä—Ü–∏–∏. 
–ó–∞–±–∏—Ä–∞—Ç—å –Ω–∞ —É–ª —Å–æ—Ü–∏–∞–ª–∏—Å—Ç–∏—á–µ—Å–∫–∞—è 14.",https://sun9-45.userapi.com/_QkgOLTM0B5_8Z1mApbnYhcZyM3ZwcFapXxI3w/D-D4NMW3BDM.jpg
